VoxelChunkExecNode_CreateCollisionComponent,,TODO
VoxelChunkExecNode_CreateCollisionComponent,Exec,TODO
VoxelChunkExecNode_CreateCollisionComponent,Collider,TODO
VoxelChunkExecNode_CreateCollisionComponent,BodyInstance,TODO
VoxelChunkExecNode_CreateCollisionComponent,Then,TODO
VoxelChunkExecNode_CreateFoliageCollision,,TODO
VoxelChunkExecNode_CreateFoliageCollision,Exec,TODO
VoxelChunkExecNode_CreateFoliageCollision,ChunkData,TODO
VoxelChunkExecNode_CreateFoliageCollision,Then,TODO
VoxelChunkExecNode_CreateFoliageMeshComponent,,TODO
VoxelChunkExecNode_CreateFoliageMeshComponent,Exec,TODO
VoxelChunkExecNode_CreateFoliageMeshComponent,ChunkData,TODO
VoxelChunkExecNode_CreateFoliageMeshComponent,CustomData,TODO
VoxelChunkExecNode_CreateFoliageMeshComponent,Then,TODO
VoxelChunkExecNode_CreateMeshComponent,,TODO
VoxelChunkExecNode_CreateMeshComponent,Exec,TODO
VoxelChunkExecNode_CreateMeshComponent,Mesh,TODO
VoxelChunkExecNode_CreateMeshComponent,Then,TODO
VoxelChunkExecNode_CreateNavmeshComponent,,TODO
VoxelChunkExecNode_CreateNavmeshComponent,Exec,TODO
VoxelChunkExecNode_CreateNavmeshComponent,Navmesh,TODO
VoxelChunkExecNode_CreateNavmeshComponent,Then,TODO
VoxelChunkExecNode_DrawDebugPoints,,TODO
VoxelChunkExecNode_DrawDebugPoints,Exec,TODO
VoxelChunkExecNode_DrawDebugPoints,Position,TODO
VoxelChunkExecNode_DrawDebugPoints,Size,TODO
VoxelChunkExecNode_DrawDebugPoints,Color,TODO
VoxelChunkExecNode_DrawDebugPoints,Then,TODO
VoxelExecNode_BroadcastEvent,,TODO
VoxelExecNode_BroadcastEvent,Exec,TODO
VoxelExecNode_BroadcastEvent,EventName,TODO
VoxelExecNode_BroadcastEvent,Then,TODO
VoxelExecNode_OnConstruct,,TODO
VoxelExecNode_OnConstruct,Then,TODO
VoxelExecNode_SpawnChunksByRange,,TODO
VoxelExecNode_SpawnChunksByRange,Exec,TODO
VoxelExecNode_SpawnChunksByRange,ChunkSize,TODO
VoxelExecNode_SpawnChunksByRange,RenderDistanceInChunks,TODO
VoxelExecNode_SpawnChunksByRange,Then,TODO
VoxelExecNode_SpawnChunksByRange,OnChunkSpawned,TODO
VoxelExecNode_SpawnChunksByRange,OnChunksComplete,TODO
VoxelExecNode_SpawnChunksByRange2D,,TODO
VoxelExecNode_SpawnChunksByRange2D,Exec,TODO
VoxelExecNode_SpawnChunksByRange2D,ChunkSize,TODO
VoxelExecNode_SpawnChunksByRange2D,RenderDistanceInChunks,TODO
VoxelExecNode_SpawnChunksByRange2D,Then,TODO
VoxelExecNode_SpawnChunksByRange2D,OnChunkSpawned,TODO
VoxelExecNode_SpawnChunksByRange2D,OnChunksComplete,TODO
VoxelExecNode_SpawnChunksByScreenSize,,TODO
VoxelExecNode_SpawnChunksByScreenSize,Exec,TODO
VoxelExecNode_SpawnChunksByScreenSize,WorldSize,TODO
VoxelExecNode_SpawnChunksByScreenSize,ChunkSize,TODO
VoxelExecNode_SpawnChunksByScreenSize,ChunkScreenSize,TODO
VoxelExecNode_SpawnChunksByScreenSize,MaxChunks,TODO
VoxelExecNode_SpawnChunksByScreenSize,Then,TODO
VoxelExecNode_SpawnChunksByScreenSize,OnChunkSpawned,TODO
VoxelExecNode_SpawnChunksByScreenSize,OnChunksComplete,TODO
VoxelNode_Acos,,TODO
VoxelNode_Acos,Value,TODO
VoxelNode_Acos,ReturnValue,TODO
VoxelNode_AcosDegrees,,TODO
VoxelNode_AcosDegrees,Value,TODO
VoxelNode_AcosDegrees,ReturnValue,TODO
VoxelNode_AdvancedNoise2D,,TODO
VoxelNode_AdvancedNoise2D,Position,TODO
VoxelNode_AdvancedNoise2D,Amplitude,TODO
VoxelNode_AdvancedNoise2D,FeatureScale,TODO
VoxelNode_AdvancedNoise2D,Lacunarity,TODO
VoxelNode_AdvancedNoise2D,Gain,TODO
VoxelNode_AdvancedNoise2D,CellularJitter,TODO
VoxelNode_AdvancedNoise2D,NumOctaves,TODO
VoxelNode_AdvancedNoise2D,Seed,TODO
VoxelNode_AdvancedNoise2D,DefaultOctaveType,TODO
VoxelNode_AdvancedNoise2D,OctaveType,TODO
VoxelNode_AdvancedNoise2D,OctaveStrength,TODO
VoxelNode_AdvancedNoise2D,Value,TODO
VoxelNode_ApplyDensityCanvas,,TODO
VoxelNode_ApplyDensityCanvas,InDensity,TODO
VoxelNode_ApplyDensityCanvas,Canvas,TODO
VoxelNode_ApplyDensityCanvas,OutDensity,TODO
VoxelNode_Asin,,TODO
VoxelNode_Asin,Value,TODO
VoxelNode_Asin,ReturnValue,TODO
VoxelNode_AsinDegrees,,TODO
VoxelNode_AsinDegrees,Value,TODO
VoxelNode_AsinDegrees,ReturnValue,TODO
VoxelNode_Atan,,TODO
VoxelNode_Atan,Value,TODO
VoxelNode_Atan,ReturnValue,TODO
VoxelNode_Atan2,,TODO
VoxelNode_Atan2,Y,TODO
VoxelNode_Atan2,X,TODO
VoxelNode_Atan2,ReturnValue,TODO
VoxelNode_Atan2Degrees,,TODO
VoxelNode_Atan2Degrees,Y,TODO
VoxelNode_Atan2Degrees,X,TODO
VoxelNode_Atan2Degrees,ReturnValue,TODO
VoxelNode_AtanDegrees,,TODO
VoxelNode_AtanDegrees,Value,TODO
VoxelNode_AtanDegrees,ReturnValue,TODO
VoxelNode_BilinearInterpolation,,TODO
VoxelNode_BilinearInterpolation,Position,TODO
VoxelNode_BilinearInterpolation,X0Y0,TODO
VoxelNode_BilinearInterpolation,X1Y0,TODO
VoxelNode_BilinearInterpolation,X0Y1,TODO
VoxelNode_BilinearInterpolation,X1Y1,TODO
VoxelNode_BilinearInterpolation,ReturnValue,TODO
VoxelNode_Bitwise_And,,TODO
VoxelNode_Bitwise_And,A,TODO
VoxelNode_Bitwise_And,B,TODO
VoxelNode_Bitwise_And,ReturnValue,TODO
VoxelNode_Bitwise_Not,,TODO
VoxelNode_Bitwise_Not,A,TODO
VoxelNode_Bitwise_Not,ReturnValue,TODO
VoxelNode_Bitwise_Or,,TODO
VoxelNode_Bitwise_Or,A,TODO
VoxelNode_Bitwise_Or,B,TODO
VoxelNode_Bitwise_Or,ReturnValue,TODO
VoxelNode_Bitwise_Xor,,TODO
VoxelNode_Bitwise_Xor,A,TODO
VoxelNode_Bitwise_Xor,B,TODO
VoxelNode_Bitwise_Xor,ReturnValue,TODO
VoxelNode_BlurHeightmapCanvas,,TODO
VoxelNode_BlurHeightmapCanvas,Canvas,TODO
VoxelNode_BlurHeightmapCanvas,Strength,TODO
VoxelNode_BlurHeightmapCanvas,OutCanvas,TODO
VoxelNode_BooleanNOR,,TODO
VoxelNode_BooleanNOR,A,TODO
VoxelNode_BooleanNOR,B,TODO
VoxelNode_BooleanNOR,ReturnValue,TODO
VoxelNode_BooleanNOT,,TODO
VoxelNode_BooleanNOT,A,TODO
VoxelNode_BooleanNOT,ReturnValue,TODO
VoxelNode_BooleanXOR,,TODO
VoxelNode_BooleanXOR,A,TODO
VoxelNode_BooleanXOR,B,TODO
VoxelNode_BooleanXOR,ReturnValue,TODO
VoxelNode_BreakIntPoint,,TODO
VoxelNode_BreakIntPoint,Vector,TODO
VoxelNode_BreakIntPoint,X,TODO
VoxelNode_BreakIntPoint,Y,TODO
VoxelNode_BreakIntVector,,TODO
VoxelNode_BreakIntVector,Vector,TODO
VoxelNode_BreakIntVector,X,TODO
VoxelNode_BreakIntVector,Y,TODO
VoxelNode_BreakIntVector,Z,TODO
VoxelNode_BreakLinearColor,,TODO
VoxelNode_BreakLinearColor,Color,TODO
VoxelNode_BreakLinearColor,R,TODO
VoxelNode_BreakLinearColor,G,TODO
VoxelNode_BreakLinearColor,B,TODO
VoxelNode_BreakLinearColor,A,TODO
VoxelNode_BreakQuaternion,,TODO
VoxelNode_BreakQuaternion,Quaternion,TODO
VoxelNode_BreakQuaternion,X,TODO
VoxelNode_BreakQuaternion,Y,TODO
VoxelNode_BreakQuaternion,Z,TODO
VoxelNode_BreakQuaternion,W,TODO
VoxelNode_BreakVector,,TODO
VoxelNode_BreakVector,Vector,TODO
VoxelNode_BreakVector,X,TODO
VoxelNode_BreakVector,Y,TODO
VoxelNode_BreakVector,Z,TODO
VoxelNode_BreakVector2D,,TODO
VoxelNode_BreakVector2D,Vector,TODO
VoxelNode_BreakVector2D,X,TODO
VoxelNode_BreakVector2D,Y,TODO
VoxelNode_Cache,,TODO
VoxelNode_Cache,Data,TODO
VoxelNode_Cache,OutData,TODO
VoxelNode_CellularNoise2D,,TODO
VoxelNode_CellularNoise2D,Position,TODO
VoxelNode_CellularNoise2D,Jitter,TODO
VoxelNode_CellularNoise2D,Seed,TODO
VoxelNode_CellularNoise2D,Value,TODO
VoxelNode_CellularNoise3D,,TODO
VoxelNode_CellularNoise3D,Position,TODO
VoxelNode_CellularNoise3D,Jitter,TODO
VoxelNode_CellularNoise3D,Seed,TODO
VoxelNode_CellularNoise3D,Value,TODO
VoxelNode_ColorToVector,,TODO
VoxelNode_ColorToVector,Color,TODO
VoxelNode_ColorToVector,ReturnValue,TODO
VoxelNode_ColorToVector2D,,TODO
VoxelNode_ColorToVector2D,Color,TODO
VoxelNode_ColorToVector2D,ReturnValue,TODO
VoxelNode_CombineDistanceFields,,TODO
VoxelNode_CombineDistanceFields,DistanceFields,TODO
VoxelNode_CombineDistanceFields,DistanceField,TODO
VoxelNode_ComputeDensityFromDistanceField,,TODO
VoxelNode_ComputeDensityFromDistanceField,DistanceField,TODO
VoxelNode_ComputeDensityFromDistanceField,MinExactDistance,TODO
VoxelNode_ComputeDensityFromDistanceField,Density,TODO
VoxelNode_Conv_IntPointToVector2D,,TODO
VoxelNode_Conv_IntPointToVector2D,Vector,TODO
VoxelNode_Conv_IntPointToVector2D,ReturnValue,TODO
VoxelNode_Conv_IntToFloat,,TODO
VoxelNode_Conv_IntToFloat,Value,TODO
VoxelNode_Conv_IntToFloat,ReturnValue,TODO
VoxelNode_Conv_IntVectorToVector,,TODO
VoxelNode_Conv_IntVectorToVector,Vector,TODO
VoxelNode_Conv_IntVectorToVector,ReturnValue,TODO
VoxelNode_Conv_IntVectorToVector2D,,TODO
VoxelNode_Conv_IntVectorToVector2D,Vector,TODO
VoxelNode_Conv_IntVectorToVector2D,ReturnValue,TODO
VoxelNode_Cos,,TODO
VoxelNode_Cos,Value,TODO
VoxelNode_Cos,ReturnValue,TODO
VoxelNode_CosDegrees,,TODO
VoxelNode_CosDegrees,Value,TODO
VoxelNode_CosDegrees,ReturnValue,TODO
VoxelNode_CreateDetailTextureMaterial,,TODO
VoxelNode_CreateDetailTextureMaterial,TextureSizeBias,TODO
VoxelNode_CreateDetailTextureMaterial,BaseMaterial,TODO
VoxelNode_CreateDetailTextureMaterial,DetailTextures,TODO
VoxelNode_CreateDetailTextureMaterial,Material,TODO
VoxelNode_CreateLayeredMaterial,,TODO
VoxelNode_CreateLayeredMaterial,TextureSizeBias,TODO
VoxelNode_CreateLayeredMaterial,Layer,TODO
VoxelNode_CreateLayeredMaterial,DetailTextures,TODO
VoxelNode_CreateLayeredMaterial,Material,TODO
VoxelNode_DegreesToRadians,,TODO
VoxelNode_DegreesToRadians,A,TODO
VoxelNode_DegreesToRadians,ReturnValue,TODO
VoxelNode_Density_Invert,,TODO
VoxelNode_Density_Invert,Density,TODO
VoxelNode_Density_Invert,ReturnValue,TODO
VoxelNode_Density_SmoothIntersection,,TODO
VoxelNode_Density_SmoothIntersection,DistanceA,TODO
VoxelNode_Density_SmoothIntersection,DistanceB,TODO
VoxelNode_Density_SmoothIntersection,Smoothness,TODO
VoxelNode_Density_SmoothIntersection,ReturnValue,TODO
VoxelNode_Density_SmoothSubtraction,,TODO
VoxelNode_Density_SmoothSubtraction,DistanceA,TODO
VoxelNode_Density_SmoothSubtraction,DistanceB,TODO
VoxelNode_Density_SmoothSubtraction,Smoothness,TODO
VoxelNode_Density_SmoothSubtraction,ReturnValue,TODO
VoxelNode_Density_SmoothUnion,,TODO
VoxelNode_Density_SmoothUnion,DistanceA,TODO
VoxelNode_Density_SmoothUnion,DistanceB,TODO
VoxelNode_Density_SmoothUnion,Smoothness,TODO
VoxelNode_Density_SmoothUnion,ReturnValue,TODO
VoxelNode_DensityToFloat,,TODO
VoxelNode_DensityToFloat,Value,TODO
VoxelNode_DensityToFloat,ReturnValue,TODO
VoxelNode_DisplaceHeightmapCanvas,,TODO
VoxelNode_DisplaceHeightmapCanvas,Canvas,TODO
VoxelNode_DisplaceHeightmapCanvas,Offset,TODO
VoxelNode_DisplaceHeightmapCanvas,OutCanvas,TODO
VoxelNode_ExposeData,,TODO
VoxelNode_ExposeData,Name,TODO
VoxelNode_ExposeData,Data,TODO
VoxelNode_FindLandmassBrushes,,TODO
VoxelNode_FindLandmassBrushes,LayerName,TODO
VoxelNode_FindLandmassBrushes,Brushes,TODO
VoxelNode_FloatToColor,,TODO
VoxelNode_FloatToColor,Value,TODO
VoxelNode_FloatToColor,ReturnValue,TODO
VoxelNode_FloatToDensity,,TODO
VoxelNode_FloatToDensity,Value,TODO
VoxelNode_FloatToDensity,ReturnValue,TODO
VoxelNode_FloatToVector,,TODO
VoxelNode_FloatToVector,Value,TODO
VoxelNode_FloatToVector,ReturnValue,TODO
VoxelNode_FloatToVector2D,,TODO
VoxelNode_FloatToVector2D,Value,TODO
VoxelNode_FloatToVector2D,ReturnValue,TODO
VoxelNode_Frac,,TODO
VoxelNode_Frac,Value,TODO
VoxelNode_Frac,ReturnValue,TODO
VoxelNode_FVoxelBlockSurface_CreateCollider,,TODO
VoxelNode_FVoxelBlockSurface_CreateCollider,Surface,TODO
VoxelNode_FVoxelBlockSurface_CreateCollider,Collider,TODO
VoxelNode_FVoxelBlockSurface_CreateMesh,,TODO
VoxelNode_FVoxelBlockSurface_CreateMesh,Surface,TODO
VoxelNode_FVoxelBlockSurface_CreateMesh,Material,TODO
VoxelNode_FVoxelBlockSurface_CreateMesh,Mesh,TODO
VoxelNode_FVoxelBlockSurface_CreateNavmesh,,TODO
VoxelNode_FVoxelBlockSurface_CreateNavmesh,Surface,TODO
VoxelNode_FVoxelBlockSurface_CreateNavmesh,Navmesh,TODO
VoxelNode_FVoxelBlockSurface_GenerateSurface,,TODO
VoxelNode_FVoxelBlockSurface_GenerateSurface,Block,TODO
VoxelNode_FVoxelBlockSurface_GenerateSurface,BlockSize,TODO
VoxelNode_FVoxelBlockSurface_GenerateSurface,Surface,TODO
VoxelNode_FVoxelMarchingCubeSurface_CreateCollider,,TODO
VoxelNode_FVoxelMarchingCubeSurface_CreateCollider,Surface,TODO
VoxelNode_FVoxelMarchingCubeSurface_CreateCollider,PhysicalMaterial,TODO
VoxelNode_FVoxelMarchingCubeSurface_CreateCollider,Collider,TODO
VoxelNode_FVoxelMarchingCubeSurface_CreateMesh,,TODO
VoxelNode_FVoxelMarchingCubeSurface_CreateMesh,Surface,TODO
VoxelNode_FVoxelMarchingCubeSurface_CreateMesh,VertexData,TODO
VoxelNode_FVoxelMarchingCubeSurface_CreateMesh,Material,TODO
VoxelNode_FVoxelMarchingCubeSurface_CreateMesh,Mesh,TODO
VoxelNode_FVoxelMarchingCubeSurface_CreateNavmesh,,TODO
VoxelNode_FVoxelMarchingCubeSurface_CreateNavmesh,Surface,TODO
VoxelNode_FVoxelMarchingCubeSurface_CreateNavmesh,Navmesh,TODO
VoxelNode_FVoxelMarchingCubeSurface_CreateVirtualMesh,,TODO
VoxelNode_FVoxelMarchingCubeSurface_CreateVirtualMesh,Surface,TODO
VoxelNode_FVoxelMarchingCubeSurface_CreateVirtualMesh,Material,TODO
VoxelNode_FVoxelMarchingCubeSurface_CreateVirtualMesh,Mesh,TODO
VoxelNode_FVoxelMarchingCubeSurface_GenerateSurface,,TODO
VoxelNode_FVoxelMarchingCubeSurface_GenerateSurface,Density,TODO
VoxelNode_FVoxelMarchingCubeSurface_GenerateSurface,VoxelSize,TODO
VoxelNode_FVoxelMarchingCubeSurface_GenerateSurface,EnableDistanceChecks,TODO
VoxelNode_FVoxelMarchingCubeSurface_GenerateSurface,DistanceChecksTolerance,TODO
VoxelNode_FVoxelMarchingCubeSurface_GenerateSurface,Surface,TODO
VoxelNode_GenerateClusterAssetFoliageData,,TODO
VoxelNode_GenerateClusterAssetFoliageData,Asset,TODO
VoxelNode_GenerateClusterAssetFoliageData,Height,TODO
VoxelNode_GenerateClusterAssetFoliageData,Mask,TODO
VoxelNode_GenerateClusterAssetFoliageData,DistanceMultiplier,TODO
VoxelNode_GenerateClusterAssetFoliageData,MaxHeightDifferenceMultiplier,TODO
VoxelNode_GenerateClusterAssetFoliageData,MaskOccupancyMultiplier,TODO
VoxelNode_GenerateClusterAssetFoliageData,GradientStep,TODO
VoxelNode_GenerateClusterAssetFoliageData,Seed,TODO
VoxelNode_GenerateClusterAssetFoliageData,ChunkData,TODO
VoxelNode_GenerateHaltonPositions,,TODO
VoxelNode_GenerateHaltonPositions,Seed,TODO
VoxelNode_GenerateHaltonPositions,DistanceBetweenPositions,TODO
VoxelNode_GenerateHaltonPositions,Positions,TODO
VoxelNode_GenerateInstanceAssetFoliageData,,TODO
VoxelNode_GenerateInstanceAssetFoliageData,Asset,TODO
VoxelNode_GenerateInstanceAssetFoliageData,Height,TODO
VoxelNode_GenerateInstanceAssetFoliageData,Mask,TODO
VoxelNode_GenerateInstanceAssetFoliageData,DistanceMultiplier,TODO
VoxelNode_GenerateInstanceAssetFoliageData,GradientStep,TODO
VoxelNode_GenerateInstanceAssetFoliageData,Seed,TODO
VoxelNode_GenerateInstanceAssetFoliageData,ChunkData,TODO
VoxelNode_GenerateManualFoliageData,,TODO
VoxelNode_GenerateManualFoliageData,StaticMesh,TODO
VoxelNode_GenerateManualFoliageData,FoliageSettings,TODO
VoxelNode_GenerateManualFoliageData,BodyInstance,TODO
VoxelNode_GenerateManualFoliageData,Positions,TODO
VoxelNode_GenerateManualFoliageData,Rotations,TODO
VoxelNode_GenerateManualFoliageData,Scales,TODO
VoxelNode_GenerateManualFoliageData,ChunkData,TODO
VoxelNode_GetBaseHeightmapCanvas,,TODO
VoxelNode_GetBaseHeightmapCanvas,Canvas,TODO
VoxelNode_GetBlockPosition,,TODO
VoxelNode_GetBlockPosition,BlockPosition,TODO
VoxelNode_GetGradientX,,TODO
VoxelNode_GetGradientX,Value,TODO
VoxelNode_GetGradientX,Gradient,TODO
VoxelNode_GetGradientY,,TODO
VoxelNode_GetGradientY,Value,TODO
VoxelNode_GetGradientY,Gradient,TODO
VoxelNode_GetGradientZ,,TODO
VoxelNode_GetGradientZ,Value,TODO
VoxelNode_GetGradientZ,Gradient,TODO
VoxelNode_GetLOD,,TODO
VoxelNode_GetLOD,LOD,TODO
VoxelNode_GetPI,,TODO
VoxelNode_GetPI,ReturnValue,TODO
VoxelNode_GetPosition2D,,TODO
VoxelNode_GetPosition2D,Position,TODO
VoxelNode_GetPosition3D,,TODO
VoxelNode_GetPosition3D,Position,TODO
VoxelNode_GetWhileLoopIndex,,TODO
VoxelNode_GetWhileLoopIndex,Index,TODO
VoxelNode_GetWhileLoopPreviousValue,,TODO
VoxelNode_GetWhileLoopPreviousValue,Value,TODO
VoxelNode_HeightSplitter,,TODO
VoxelNode_HeightSplitter,CAT_Layer,TODO
VoxelNode_HeightSplitter,Height,TODO
VoxelNode_HeightSplitter,LayerHeight,TODO
VoxelNode_HeightSplitter,LayerFalloff,TODO
VoxelNode_HeightSplitter,ResultStrength,TODO
VoxelNode_Int32ToIntPoint,,TODO
VoxelNode_Int32ToIntPoint,Value,TODO
VoxelNode_Int32ToIntPoint,ReturnValue,TODO
VoxelNode_Int32ToIntVector,,TODO
VoxelNode_Int32ToIntVector,Value,TODO
VoxelNode_Int32ToIntVector,ReturnValue,TODO
VoxelNode_IntPointToIntVector,,TODO
VoxelNode_IntPointToIntVector,Vector2D,TODO
VoxelNode_IntPointToIntVector,Z,TODO
VoxelNode_IntPointToIntVector,ReturnValue,TODO
VoxelNode_IntToSeed,,TODO
VoxelNode_IntToSeed,Value,TODO
VoxelNode_IntToSeed,ReturnValue,TODO
VoxelNode_IntVectorToIntPoint,,TODO
VoxelNode_IntVectorToIntPoint,Vector,TODO
VoxelNode_IntVectorToIntPoint,ReturnValue,TODO
VoxelNode_IsInBounds,,TODO
VoxelNode_IsInBounds,Position,TODO
VoxelNode_IsInBounds,Result,TODO
VoxelNode_LeftShift,,TODO
VoxelNode_LeftShift,Value,TODO
VoxelNode_LeftShift,Shift,TODO
VoxelNode_LeftShift,ReturnValue,TODO
VoxelNode_MakeColorDetailTexture,,TODO
VoxelNode_MakeColorDetailTexture,Color,TODO
VoxelNode_MakeColorDetailTexture,Name,TODO
VoxelNode_MakeColorDetailTexture,DetailTexture,TODO
VoxelNode_MakeDensityFromHeight,,TODO
VoxelNode_MakeDensityFromHeight,Position,TODO
VoxelNode_MakeDensityFromHeight,Height,TODO
VoxelNode_MakeDensityFromHeight,ReturnValue,TODO
VoxelNode_MakeDistanceField,,TODO
VoxelNode_MakeDistanceField,Density,TODO
VoxelNode_MakeDistanceField,Smoothness,TODO
VoxelNode_MakeDistanceField,Subtractive,TODO
VoxelNode_MakeDistanceField,Priority,TODO
VoxelNode_MakeDistanceField,DistanceField,TODO
VoxelNode_MakeDistanceFieldFromBrushes,,TODO
VoxelNode_MakeDistanceFieldFromBrushes,LayerName,TODO
VoxelNode_MakeDistanceFieldFromBrushes,DistanceField,TODO
VoxelNode_MakeIntPoint,,TODO
VoxelNode_MakeIntPoint,X,TODO
VoxelNode_MakeIntPoint,Y,TODO
VoxelNode_MakeIntPoint,ReturnValue,TODO
VoxelNode_MakeIntVector,,TODO
VoxelNode_MakeIntVector,X,TODO
VoxelNode_MakeIntVector,Y,TODO
VoxelNode_MakeIntVector,Z,TODO
VoxelNode_MakeIntVector,ReturnValue,TODO
VoxelNode_MakeLinearColor,,TODO
VoxelNode_MakeLinearColor,R,TODO
VoxelNode_MakeLinearColor,G,TODO
VoxelNode_MakeLinearColor,B,TODO
VoxelNode_MakeLinearColor,A,TODO
VoxelNode_MakeLinearColor,ReturnValue,TODO
VoxelNode_MakeMaterialInstance,,TODO
VoxelNode_MakeMaterialInstance,Parent,TODO
VoxelNode_MakeMaterialInstance,Instance,TODO
VoxelNode_MakeMaterialLayerDetailTexture,,TODO
VoxelNode_MakeMaterialLayerDetailTexture,Layer,TODO
VoxelNode_MakeMaterialLayerDetailTexture,Name,TODO
VoxelNode_MakeMaterialLayerDetailTexture,DetailTexture,TODO
VoxelNode_MakeNormalDetailTexture,,TODO
VoxelNode_MakeNormalDetailTexture,Normal,TODO
VoxelNode_MakeNormalDetailTexture,Name,TODO
VoxelNode_MakeNormalDetailTexture,MaxNormalDifference,TODO
VoxelNode_MakeNormalDetailTexture,DetailTexture,TODO
VoxelNode_MakeQuaternion,,TODO
VoxelNode_MakeQuaternion,X,TODO
VoxelNode_MakeQuaternion,Y,TODO
VoxelNode_MakeQuaternion,Z,TODO
VoxelNode_MakeQuaternion,W,TODO
VoxelNode_MakeQuaternion,ReturnValue,TODO
VoxelNode_MakeRotationFromEuler,,TODO
VoxelNode_MakeRotationFromEuler,Roll,TODO
VoxelNode_MakeRotationFromEuler,Pitch,TODO
VoxelNode_MakeRotationFromEuler,Yaw,TODO
VoxelNode_MakeRotationFromEuler,ReturnValue,TODO
VoxelNode_MakeRotationFromZ,,TODO
VoxelNode_MakeRotationFromZ,Z,TODO
VoxelNode_MakeRotationFromZ,ReturnValue,TODO
VoxelNode_MakeSeeds,,TODO
VoxelNode_MakeSeeds,Seed,TODO
VoxelNode_MakeSeeds,ResultSeed,TODO
VoxelNode_MakeVector,,TODO
VoxelNode_MakeVector,X,TODO
VoxelNode_MakeVector,Y,TODO
VoxelNode_MakeVector,Z,TODO
VoxelNode_MakeVector,ReturnValue,TODO
VoxelNode_MakeVector2D,,TODO
VoxelNode_MakeVector2D,X,TODO
VoxelNode_MakeVector2D,Y,TODO
VoxelNode_MakeVector2D,ReturnValue,TODO
VoxelNode_MakeVertexData,,TODO
VoxelNode_MakeVertexData,Normal,TODO
VoxelNode_MakeVertexData,Color,TODO
VoxelNode_MakeVertexData,TextureCoordinate,TODO
VoxelNode_MakeVertexData,VertexData,TODO
VoxelNode_MeshDistance,,TODO
VoxelNode_MeshDistance,Mesh,TODO
VoxelNode_MeshDistance,Position,TODO
VoxelNode_MeshDistance,Distance,TODO
VoxelNode_MixSeeds,,TODO
VoxelNode_MixSeeds,A,TODO
VoxelNode_MixSeeds,B,TODO
VoxelNode_MixSeeds,ReturnValue,TODO
VoxelNode_PerlinNoise2D,,TODO
VoxelNode_PerlinNoise2D,Position,TODO
VoxelNode_PerlinNoise2D,Seed,TODO
VoxelNode_PerlinNoise2D,Value,TODO
VoxelNode_PerlinNoise3D,,TODO
VoxelNode_PerlinNoise3D,Position,TODO
VoxelNode_PerlinNoise3D,Seed,TODO
VoxelNode_PerlinNoise3D,Value,TODO
VoxelNode_Power,,TODO
VoxelNode_Power,Base,TODO
VoxelNode_Power,Exp,TODO
VoxelNode_Power,ReturnValue,TODO
VoxelNode_Query2D,,TODO
VoxelNode_Query2D,Data,TODO
VoxelNode_Query2D,OutData,TODO
VoxelNode_QueryWithGradientStep,,TODO
VoxelNode_QueryWithGradientStep,Data,TODO
VoxelNode_QueryWithGradientStep,Step,TODO
VoxelNode_QueryWithGradientStep,OutData,TODO
VoxelNode_QueryWithPosition,,TODO
VoxelNode_QueryWithPosition,Data,TODO
VoxelNode_QueryWithPosition,Position,TODO
VoxelNode_QueryWithPosition,OutData,TODO
VoxelNode_RadiansToDegrees,,TODO
VoxelNode_RadiansToDegrees,A,TODO
VoxelNode_RadiansToDegrees,ReturnValue,TODO
VoxelNode_RandFloat,,TODO
VoxelNode_RandFloat,Position,TODO
VoxelNode_RandFloat,Seed,TODO
VoxelNode_RandFloat,Min,TODO
VoxelNode_RandFloat,Max,TODO
VoxelNode_RandFloat,RoundingDecimals,TODO
VoxelNode_RandFloat,Result,TODO
VoxelNode_RandUnitVector,,TODO
VoxelNode_RandUnitVector,Position,TODO
VoxelNode_RandUnitVector,Seed,TODO
VoxelNode_RandUnitVector,RoundingDecimals,TODO
VoxelNode_RandUnitVector,Result,TODO
VoxelNode_RightShift,,TODO
VoxelNode_RightShift,Value,TODO
VoxelNode_RightShift,Shift,TODO
VoxelNode_RightShift,ReturnValue,TODO
VoxelNode_RunOnCPU,,TODO
VoxelNode_RunOnCPU,Data,TODO
VoxelNode_RunOnCPU,OutData,TODO
VoxelNode_RunOnGPU,,TODO
VoxelNode_RunOnGPU,Data,TODO
VoxelNode_RunOnGPU,OutData,TODO
VoxelNode_SampleCurve,,TODO
VoxelNode_SampleCurve,Curve,TODO
VoxelNode_SampleCurve,Value,TODO
VoxelNode_SampleCurve,Result,TODO
VoxelNode_SampleLandmassBrushes,,TODO
VoxelNode_SampleLandmassBrushes,Brushes,TODO
VoxelNode_SampleLandmassBrushes,Position,TODO
VoxelNode_SampleLandmassBrushes,MaxDistance,TODO
VoxelNode_SampleLandmassBrushes,Smoothness,TODO
VoxelNode_SampleLandmassBrushes,HermiteInterpolation,TODO
VoxelNode_SampleLandmassBrushes,Distance,TODO
VoxelNode_SeedToInt,,TODO
VoxelNode_SeedToInt,Value,TODO
VoxelNode_SeedToInt,ReturnValue,TODO
VoxelNode_Select,,TODO
VoxelNode_Select,Index,TODO
VoxelNode_Select,True,TODO
VoxelNode_Select,False,TODO
VoxelNode_Select,Option,TODO
VoxelNode_Select,Result,TODO
VoxelNode_SetMaterialInstanceScalar,,TODO
VoxelNode_SetMaterialInstanceScalar,Instance,TODO
VoxelNode_SetMaterialInstanceScalar,Name,TODO
VoxelNode_SetMaterialInstanceScalar,Value,TODO
VoxelNode_SetMaterialInstanceScalar,OutInstance,TODO
VoxelNode_SetMaterialInstanceTexture,,TODO
VoxelNode_SetMaterialInstanceTexture,Instance,TODO
VoxelNode_SetMaterialInstanceTexture,Name,TODO
VoxelNode_SetMaterialInstanceTexture,Value,TODO
VoxelNode_SetMaterialInstanceTexture,OutInstance,TODO
VoxelNode_SetMaterialInstanceVector,,TODO
VoxelNode_SetMaterialInstanceVector,Instance,TODO
VoxelNode_SetMaterialInstanceVector,Name,TODO
VoxelNode_SetMaterialInstanceVector,Value,TODO
VoxelNode_SetMaterialInstanceVector,OutInstance,TODO
VoxelNode_Sin,,TODO
VoxelNode_Sin,Value,TODO
VoxelNode_Sin,ReturnValue,TODO
VoxelNode_SinDegrees,,TODO
VoxelNode_SinDegrees,Value,TODO
VoxelNode_SinDegrees,ReturnValue,TODO
VoxelNode_SmoothMax,,TODO
VoxelNode_SmoothMax,DistanceA,TODO
VoxelNode_SmoothMax,DistanceB,TODO
VoxelNode_SmoothMax,Smoothness,TODO
VoxelNode_SmoothMax,ReturnValue,TODO
VoxelNode_SmoothMin,,TODO
VoxelNode_SmoothMin,DistanceA,TODO
VoxelNode_SmoothMin,DistanceB,TODO
VoxelNode_SmoothMin,Smoothness,TODO
VoxelNode_SmoothMin,ReturnValue,TODO
VoxelNode_SmoothStep,,TODO
VoxelNode_SmoothStep,A,TODO
VoxelNode_SmoothStep,B,TODO
VoxelNode_SmoothStep,Alpha,TODO
VoxelNode_SmoothStep,ReturnValue,TODO
VoxelNode_SmoothSubtraction,,TODO
VoxelNode_SmoothSubtraction,DistanceA,TODO
VoxelNode_SmoothSubtraction,DistanceB,TODO
VoxelNode_SmoothSubtraction,Smoothness,TODO
VoxelNode_SmoothSubtraction,ReturnValue,TODO
VoxelNode_Tan,,TODO
VoxelNode_Tan,Value,TODO
VoxelNode_Tan,ReturnValue,TODO
VoxelNode_TanDegrees,,TODO
VoxelNode_TanDegrees,Value,TODO
VoxelNode_TanDegrees,ReturnValue,TODO
VoxelNode_TrueDistanceCellularNoise2D,,TODO
VoxelNode_TrueDistanceCellularNoise2D,Position,TODO
VoxelNode_TrueDistanceCellularNoise2D,Jitter,TODO
VoxelNode_TrueDistanceCellularNoise2D,Seed,TODO
VoxelNode_TrueDistanceCellularNoise2D,Value,TODO
VoxelNode_TrueDistanceCellularNoise2D,CellPosition,TODO
VoxelNode_UpscaleHeightmapCanvas2x,,TODO
VoxelNode_UpscaleHeightmapCanvas2x,Canvas,TODO
VoxelNode_UpscaleHeightmapCanvas2x,OutCanvas,TODO
VoxelNode_Vector2DToColor,,TODO
VoxelNode_Vector2DToColor,Vector2D,TODO
VoxelNode_Vector2DToColor,B,TODO
VoxelNode_Vector2DToColor,A,TODO
VoxelNode_Vector2DToColor,ReturnValue,TODO
VoxelNode_Vector2DToVector,,TODO
VoxelNode_Vector2DToVector,Vector2D,TODO
VoxelNode_Vector2DToVector,Z,TODO
VoxelNode_Vector2DToVector,ReturnValue,TODO
VoxelNode_VectorToColor,,TODO
VoxelNode_VectorToColor,Vector,TODO
VoxelNode_VectorToColor,A,TODO
VoxelNode_VectorToColor,ReturnValue,TODO
VoxelNode_VectorToVector2D,,TODO
VoxelNode_VectorToVector2D,Vector,TODO
VoxelNode_VectorToVector2D,ReturnValue,TODO
VoxelNode_WhileLoop,,TODO
VoxelNode_WhileLoop,FirstValue,TODO
VoxelNode_WhileLoop,NextValue,TODO
VoxelNode_WhileLoop,Continue,TODO
VoxelNode_WhileLoop,Result,TODO
VoxelTemplateNode_Abs,,TODO
VoxelTemplateNode_Abs,Value,TODO
VoxelTemplateNode_Abs,Result,TODO
VoxelTemplateNode_Add,,TODO
VoxelTemplateNode_Add,Input,TODO
VoxelTemplateNode_Add,Result,TODO
VoxelTemplateNode_BooleanAND,,TODO
VoxelTemplateNode_BooleanAND,Input,TODO
VoxelTemplateNode_BooleanAND,Result,TODO
VoxelTemplateNode_BooleanNAND,,TODO
VoxelTemplateNode_BooleanNAND,Input,TODO
VoxelTemplateNode_BooleanNAND,Result,TODO
VoxelTemplateNode_BooleanOR,,TODO
VoxelTemplateNode_BooleanOR,Input,TODO
VoxelTemplateNode_BooleanOR,Result,TODO
VoxelTemplateNode_Ceil,,TODO
VoxelTemplateNode_Ceil,Value,TODO
VoxelTemplateNode_Ceil,Result,TODO
VoxelTemplateNode_Clamp,,TODO
VoxelTemplateNode_Clamp,Value,TODO
VoxelTemplateNode_Clamp,Min,TODO
VoxelTemplateNode_Clamp,Max,TODO
VoxelTemplateNode_Clamp,Result,TODO
VoxelTemplateNode_CrossProduct,,TODO
VoxelTemplateNode_CrossProduct,V1,TODO
VoxelTemplateNode_CrossProduct,V2,TODO
VoxelTemplateNode_CrossProduct,ReturnValue,TODO
VoxelTemplateNode_Distance,,TODO
VoxelTemplateNode_Distance,V1,TODO
VoxelTemplateNode_Distance,V2,TODO
VoxelTemplateNode_Distance,ReturnValue,TODO
VoxelTemplateNode_Distance2D,,TODO
VoxelTemplateNode_Distance2D,V1,TODO
VoxelTemplateNode_Distance2D,V2,TODO
VoxelTemplateNode_Distance2D,ReturnValue,TODO
VoxelTemplateNode_Divide,,TODO
VoxelTemplateNode_Divide,A,TODO
VoxelTemplateNode_Divide,B,TODO
VoxelTemplateNode_Divide,Result,TODO
VoxelTemplateNode_DotProduct,,TODO
VoxelTemplateNode_DotProduct,V1,TODO
VoxelTemplateNode_DotProduct,V2,TODO
VoxelTemplateNode_DotProduct,ReturnValue,TODO
VoxelTemplateNode_Equal,,TODO
VoxelTemplateNode_Equal,A,TODO
VoxelTemplateNode_Equal,B,TODO
VoxelTemplateNode_Equal,Result,TODO
VoxelTemplateNode_FilterBuffer,,TODO
VoxelTemplateNode_FilterBuffer,Value,TODO
VoxelTemplateNode_FilterBuffer,Condition,TODO
VoxelTemplateNode_FilterBuffer,FilteredValue,TODO
VoxelTemplateNode_Floor,,TODO
VoxelTemplateNode_Floor,Value,TODO
VoxelTemplateNode_Floor,Result,TODO
VoxelTemplateNode_Greater,,TODO
VoxelTemplateNode_Greater,A,TODO
VoxelTemplateNode_Greater,B,TODO
VoxelTemplateNode_Greater,Result,TODO
VoxelTemplateNode_GreaterEqual,,TODO
VoxelTemplateNode_GreaterEqual,A,TODO
VoxelTemplateNode_GreaterEqual,B,TODO
VoxelTemplateNode_GreaterEqual,Result,TODO
VoxelTemplateNode_Length,,TODO
VoxelTemplateNode_Length,Vector,TODO
VoxelTemplateNode_Length,ReturnValue,TODO
VoxelTemplateNode_LengthXY,,TODO
VoxelTemplateNode_LengthXY,Vector,TODO
VoxelTemplateNode_LengthXY,ReturnValue,TODO
VoxelTemplateNode_Lerp,,TODO
VoxelTemplateNode_Lerp,A,TODO
VoxelTemplateNode_Lerp,B,TODO
VoxelTemplateNode_Lerp,Alpha,TODO
VoxelTemplateNode_Lerp,Result,TODO
VoxelTemplateNode_Less,,TODO
VoxelTemplateNode_Less,A,TODO
VoxelTemplateNode_Less,B,TODO
VoxelTemplateNode_Less,Result,TODO
VoxelTemplateNode_LessEqual,,TODO
VoxelTemplateNode_LessEqual,A,TODO
VoxelTemplateNode_LessEqual,B,TODO
VoxelTemplateNode_LessEqual,Result,TODO
VoxelTemplateNode_MappedRangeValueClamped,,TODO
VoxelTemplateNode_MappedRangeValueClamped,Value,TODO
VoxelTemplateNode_MappedRangeValueClamped,InMin,TODO
VoxelTemplateNode_MappedRangeValueClamped,InMax,TODO
VoxelTemplateNode_MappedRangeValueClamped,OutMin,TODO
VoxelTemplateNode_MappedRangeValueClamped,OutMax,TODO
VoxelTemplateNode_MappedRangeValueClamped,Result,TODO
VoxelTemplateNode_MappedRangeValueUnclamped,,TODO
VoxelTemplateNode_MappedRangeValueUnclamped,Value,TODO
VoxelTemplateNode_MappedRangeValueUnclamped,InMin,TODO
VoxelTemplateNode_MappedRangeValueUnclamped,InMax,TODO
VoxelTemplateNode_MappedRangeValueUnclamped,OutMin,TODO
VoxelTemplateNode_MappedRangeValueUnclamped,OutMax,TODO
VoxelTemplateNode_MappedRangeValueUnclamped,Result,TODO
VoxelTemplateNode_Max,,TODO
VoxelTemplateNode_Max,Input,TODO
VoxelTemplateNode_Max,Result,TODO
VoxelTemplateNode_Min,,TODO
VoxelTemplateNode_Min,Input,TODO
VoxelTemplateNode_Min,Result,TODO
VoxelTemplateNode_Multiply,,TODO
VoxelTemplateNode_Multiply,Input,TODO
VoxelTemplateNode_Multiply,Result,TODO
VoxelTemplateNode_NearlyEqual,,TODO
VoxelTemplateNode_NearlyEqual,A,TODO
VoxelTemplateNode_NearlyEqual,B,TODO
VoxelTemplateNode_NearlyEqual,ErrorTolerance,TODO
VoxelTemplateNode_NearlyEqual,Result,TODO
VoxelTemplateNode_Normalize,,TODO
VoxelTemplateNode_Normalize,Vector,TODO
VoxelTemplateNode_Normalize,ReturnValue,TODO
VoxelTemplateNode_NotEqual,,TODO
VoxelTemplateNode_NotEqual,A,TODO
VoxelTemplateNode_NotEqual,B,TODO
VoxelTemplateNode_NotEqual,Result,TODO
VoxelTemplateNode_OneMinus,,TODO
VoxelTemplateNode_OneMinus,Value,TODO
VoxelTemplateNode_OneMinus,Result,TODO
VoxelTemplateNode_Round,,TODO
VoxelTemplateNode_Round,Value,TODO
VoxelTemplateNode_Round,Result,TODO
VoxelTemplateNode_SafeLerp,,TODO
VoxelTemplateNode_SafeLerp,A,TODO
VoxelTemplateNode_SafeLerp,B,TODO
VoxelTemplateNode_SafeLerp,Alpha,TODO
VoxelTemplateNode_SafeLerp,Result,TODO
VoxelTemplateNode_Subtract,,TODO
VoxelTemplateNode_Subtract,A,TODO
VoxelTemplateNode_Subtract,B,TODO
VoxelTemplateNode_Subtract,Result,TODO
